n,trial,seed,k,m,oracle_time_sec,integrated_time_sec,speedup_vs_oracle,objective_error,relative_gap,converged,simplex_residual,exposure_violation,outer_iterations,inner_iterations,breakpoint_events
8,0,28260704,2,4,0.14810570003464818,5.68401649990119,0.026056521834027544,3.518568769678154e-10,3.518568769678154e-10,True,0.0,0.0,5,94,45
8,1,28260705,2,4,0.0911177999805659,1.0800925998482853,0.08436110014397351,3.6679515371673688e-06,3.6679515371673688e-06,True,0.0,0.0,14,1060,781
8,2,28260706,2,4,0.07260009995661676,0.7678054999560118,0.0945553267862448,1.021975978843237e-07,1.021975978843237e-07,True,0.0,7.949889435643342e-08,20,767,21
8,3,28260707,2,4,0.08740630000829697,0.2442836998961866,0.357806517771927,3.66855434918989e-10,3.66855434918989e-10,True,0.0,0.0,6,237,56
8,4,28260708,2,4,0.07219640002585948,0.5143134999088943,0.14037430485229024,1.9436691700569497e-09,1.9436691700569497e-09,True,0.0,0.0,10,545,142
8,5,28260709,2,4,0.0782835001591593,0.24900670000351965,0.3143831075953088,3.7591929569202875e-10,3.7591929569202875e-10,True,0.0,0.0,7,255,128
8,6,28260710,2,4,0.07186929997988045,0.2604423000011593,0.27595094951764954,1.944748334592461e-09,1.944748334592461e-09,True,0.0,0.0,7,266,261
8,7,28260711,2,4,0.06875100010074675,0.1653118000831455,0.4158868275958984,4.1372349990353996e-10,2.775490944394919e-10,True,0.0,0.0,5,152,59
8,8,28260712,2,4,0.08797220000997186,0.7393081998452544,0.11899259338444432,5.91883205780519e-08,5.91883205780519e-08,True,2.220446049250313e-16,9.390882627080543e-08,22,779,796
8,9,28260713,2,4,0.08433860004879534,0.492652399931103,0.17119291423443797,4.484029168527748e-07,4.484029168527748e-07,True,0.0,0.0,14,460,576
12,0,32260704,2,6,0.10904290014877915,0.3478519998025149,0.3134749842193973,5.0442024446262224e-08,5.0442024446262224e-08,True,1.1102230246251565e-16,0.0,7,324,429
12,1,32260705,2,6,0.09523979993537068,1.1394585999660194,0.08358337892944148,2.454507881388679e-07,2.0212974845913763e-07,True,2.220446049250313e-16,9.347510543378235e-10,21,759,1044
12,2,32260706,2,6,0.12010840000584722,0.24663099995814264,0.48699636309398087,2.648836705532176e-10,2.4449931671216764e-10,True,0.0,0.0,5,194,298
12,3,32260707,2,6,0.10658769984729588,0.4202183000743389,0.25364840091076457,3.947107918289561e-09,3.947107918289561e-09,True,0.0,0.0,7,375,212
12,4,32260708,2,6,0.09086369979195297,0.5568733001127839,0.1631676357504486,3.648285523683015e-08,3.648285523683015e-08,True,0.0,9.594159844361627e-08,24,515,41
12,5,32260709,2,6,0.16879520006477833,0.2810402000322938,0.6006087386978176,2.7578714867360077e-09,1.7877980640424641e-09,True,0.0,0.0,5,210,251
12,6,32260710,2,6,0.23700689990073442,0.8614495999645442,0.2751256717868222,4.6775169848523035e-09,4.6775169848523035e-09,True,2.220446049250313e-16,0.0,19,613,557
12,7,32260711,2,6,0.09974199999123812,0.2624929999001324,0.3799796567115533,1.258322335218054e-09,1.258322335218054e-09,True,0.0,0.0,6,244,371
12,8,32260712,2,6,0.0867851001676172,1.8677435999270529,0.046465210841041944,1.104303496701764e-07,1.104303496701764e-07,True,0.0,9.291915326059552e-08,44,1386,638
12,9,32260713,2,6,0.09322229982353747,0.24467489984817803,0.38100475316995064,9.346994289671784e-10,9.346994289671784e-10,True,0.0,0.0,5,239,475
20,0,40260704,2,8,0.11650060000829399,0.18293120013549924,0.6368547296579297,3.7648920092614446e-10,3.7648920092614446e-10,True,1.1102230246251565e-16,0.0,5,165,341
20,1,40260705,2,8,0.11288240016438067,0.32831169990822673,0.34382691873586835,3.8608653774030444e-10,3.8608653774030444e-10,True,0.0,0.0,5,258,1139
20,2,40260706,2,8,0.12163860001601279,0.38147409982047975,0.3188646360873659,7.878717123155354e-10,7.878717123155354e-10,True,0.0,0.0,11,321,1204
20,3,40260707,2,8,0.1159584999550134,0.6478977999649942,0.17897652988060558,3.928945169207054e-09,3.928945169207054e-09,True,1.1102230246251565e-16,0.0,17,622,724
20,4,40260708,2,8,0.13618929986841977,0.7648102999664843,0.17806938514607856,1.7700833132572313e-08,1.7700833132572313e-08,True,1.1102230246251565e-16,9.152167661230504e-08,25,720,651
20,5,40260709,2,8,0.13674110011197627,1.065225699916482,0.12836819476163344,1.026111373647609e-08,1.026111373647609e-08,True,2.220446049250313e-16,9.064679562520439e-08,27,910,1396
20,6,40260710,2,8,0.1284776001702994,0.5805450999177992,0.2213051151211006,5.979695627544857e-10,5.979695627544857e-10,True,0.0,0.0,14,490,1315
20,7,40260711,2,8,0.12416110001504421,0.39021040010266006,0.3181901353279636,6.390976636794221e-11,5.1853522246853654e-11,True,0.0,0.0,5,312,1092
20,8,40260712,2,8,0.13519910001195967,0.830904999980703,0.1627130658921291,1.556376028055695e-08,1.556376028055695e-08,True,2.220446049250313e-16,8.761680980740039e-08,33,630,1849
20,9,40260713,2,8,0.14330799994058907,1.2848463000264019,0.11153707640956298,4.7343984621583957e-08,4.7343984621583957e-08,True,0.0,6.562925891628879e-08,28,945,646
30,0,50260704,2,8,0.2040858999826014,0.38157489988952875,0.5348514801201208,1.56731927436482e-09,1.56731927436482e-09,True,2.220446049250313e-16,0.0,5,214,625
30,1,50260705,2,8,0.24621360003948212,0.4204698000103235,0.5855678577473031,1.2113612335440394e-09,1.2113612335440394e-09,True,1.1102230246251565e-16,0.0,5,252,1634
30,2,50260706,2,8,0.20595799991860986,0.9514451001305133,0.21646861168380374,9.787873900268806e-09,9.787873900268806e-09,True,2.220446049250313e-16,8.787418814826253e-08,16,572,1963
30,3,50260707,2,8,0.25053240009583533,0.3626950001344085,0.6907522849859865,1.79185205562149e-09,1.79185205562149e-09,True,0.0,0.0,5,254,1139
30,4,50260708,2,8,0.20900660008192062,1.5220557998400182,0.13731861874176302,2.9324814310172087e-07,2.9324814310172087e-07,True,2.220446049250313e-16,8.68948250021262e-08,19,1066,6570
30,5,50260709,2,8,0.162801300175488,0.31204370013438165,0.5217259637203943,1.0536924111015367e-09,1.0536924111015367e-09,True,0.0,0.0,5,226,1326
30,6,50260710,2,8,0.14972250000573695,0.4798925998620689,0.3119916832407299,1.513537073449811e-10,1.513537073449811e-10,True,2.220446049250313e-16,0.0,5,316,3215
30,7,50260711,2,8,0.15759139996953309,1.3256725000683218,0.11887657016450988,2.3355263084612332e-08,2.3355263084612332e-08,True,0.0,8.58762621014364e-08,20,916,5805
30,8,50260712,2,8,0.19678390002809465,0.8420935000758618,0.23368414553771874,8.426464573330072e-07,8.426464573330072e-07,True,2.220446049250313e-16,0.0,15,573,3556
30,9,50260713,2,8,0.1783100999891758,0.7803817000240088,0.22849087822496353,5.969435057373573e-09,5.969435057373573e-09,True,2.220446049250313e-16,7.949484853719824e-08,22,537,1526
45,0,65260704,2,8,0.31296980008482933,0.3881254999432713,0.8063623753929418,2.7859961559961732e-09,2.7859961559961732e-09,True,2.220446049250313e-16,0.0,5,251,2176
45,1,65260705,2,8,0.2625850001350045,1.4213872000109404,0.18473854283546623,7.399801928986705e-07,6.325694271008553e-07,True,3.3306690738754696e-16,0.0,23,1044,2128
45,2,65260706,2,8,0.2730523000936955,0.6697313999757171,0.40770419320879353,2.5212669729768322e-09,2.5212669729768322e-09,True,0.0,0.0,5,392,3879
45,3,65260707,2,8,0.2172193001024425,0.44697170006111264,0.4859799850253226,2.937179388595723e-10,2.937179388595723e-10,True,0.0,0.0,4,220,3059
45,4,65260708,2,8,0.24721279996447265,0.47442490002140403,0.5210788893106569,4.075724868712882e-09,3.807957974315725e-09,True,2.220446049250313e-16,0.0,5,270,1686
45,5,65260709,2,8,0.2529855000320822,0.6722416998818517,0.37633116195639915,1.7586498923805038e-10,1.7586498923805038e-10,True,1.1102230246251565e-16,0.0,4,231,3176
45,6,65260710,2,8,0.2773021999746561,0.5734322001226246,0.48358323776613327,1.1956151624303857e-09,1.1956151624303857e-09,True,2.220446049250313e-16,0.0,5,305,3197
45,7,65260711,2,8,0.28811169997788966,0.7024796998593956,0.41013526801636613,7.983735894612209e-10,7.983735894612209e-10,True,2.220446049250313e-16,0.0,4,234,4409
45,8,65260712,2,8,0.2793280999176204,0.4516057001892477,0.618522086414247,3.1874491934758e-10,3.1874491934758e-10,True,2.220446049250313e-16,0.0,5,229,1161
45,9,65260713,2,8,0.3707441999576986,0.5411523000802845,0.6851014028817684,6.572764554846344e-11,6.572764554846344e-11,True,1.1102230246251565e-16,0.0,5,277,2804
65,0,85260704,3,8,0.9225939000025392,1.3665809000376612,0.6751110746367914,2.817196476101458e-11,2.817196476101458e-11,True,2.220446049250313e-16,0.0,4,319,7450
65,1,85260705,3,8,0.4343280999455601,1.7252903000917286,0.2517420401207079,8.516157334881314e-09,7.933312119567764e-09,True,2.220446049250313e-16,8.841586240926347e-08,27,429,4200
65,2,85260706,3,8,0.4567473002243787,1.2067017001099885,0.37850887272533645,4.095077055232821e-10,4.095077055232821e-10,True,1.1102230246251565e-16,0.0,4,256,5649
65,3,85260707,3,8,0.43664920004084706,1.1451340999919921,0.381308355103477,2.9710275351035875e-09,2.9710275351035875e-09,True,0.0,0.0,5,272,3132
65,4,85260708,3,8,0.2705983000341803,0.5810821999330074,0.46567989875679794,3.6396879954381234e-10,3.6396879954381234e-10,True,2.220446049250313e-16,0.0,4,247,7157
65,5,85260709,3,8,0.27905880007892847,0.4587471999693662,0.6083062743436106,2.7129018476124145e-09,2.7129018476124145e-09,True,0.0,0.0,4,231,5335
65,6,85260710,3,8,0.2651932998560369,0.5311092000920326,0.4993197252280383,8.887628827336513e-10,8.887628827336513e-10,True,0.0,0.0,4,278,5632
65,7,85260711,3,8,0.23522489983588457,0.37223089998587966,0.6319327595984312,1.3483476002384975e-09,1.3483476002384975e-09,True,0.0,0.0,4,244,4618
65,8,85260712,3,8,0.21074339980259538,0.3722788000013679,0.5660902522566985,2.8902535920138916e-10,2.8902535920138916e-10,True,0.0,0.0,4,230,4303
65,9,85260713,3,8,0.35807129996828735,0.57190450001508,0.6261033091343847,2.085694866815757e-09,2.085694866815757e-09,True,0.0,0.0,5,283,3547
100,0,120260704,5,8,0.8304302000906318,1.4548351000994444,0.5708070969925515,1.4117857993767302e-09,1.4117857993767302e-09,True,2.220446049250313e-16,0.0,5,350,7761
100,1,120260705,5,8,0.8025400000624359,1.46447250014171,0.5480061933459166,8.509810633938741e-10,8.509810633938741e-10,True,0.0,0.0,4,295,9921
100,2,120260706,5,8,0.5737698001321405,1.0105328999925405,0.5677893318825898,3.9718017763590296e-10,3.9718017763590296e-10,True,6.661338147750939e-16,0.0,5,327,7191
100,3,120260707,5,8,0.6204649999272078,1.1828022999688983,0.5245720269089119,1.4684277127585688e-09,1.4684277127585688e-09,True,2.220446049250313e-16,0.0,4,237,8718
100,4,120260708,5,8,0.9454753000754863,1.3180207000114024,0.7173448035128028,2.2040370639686557e-09,2.2040370639686557e-09,True,0.0,0.0,4,255,6428
100,5,120260709,5,8,0.6530673999805003,1.0006359999533743,0.6526523131397738,3.3659948162068076e-09,3.3659948162068076e-09,True,4.440892098500626e-16,0.0,5,286,5410
100,6,120260710,5,8,0.5867653000168502,0.9100605000276119,0.6447541674416672,4.223653093937685e-10,4.223653093937685e-10,True,2.220446049250313e-16,0.0,4,226,8846
100,7,120260711,5,8,0.5947540998458862,1.2705841998104006,0.46809499121320475,9.814188905998833e-10,9.814188905998833e-10,True,0.0,0.0,4,261,10069
100,8,120260712,5,8,0.7992241999600083,1.1946976999752223,0.6689760932632447,7.965247350583127e-10,7.965247350583127e-10,True,2.220446049250313e-16,0.0,4,236,13455
100,9,120260713,5,8,0.5173345999792218,1.4860933001618832,0.3481171740178544,6.39367447874406e-11,6.39367447874406e-11,True,0.0,0.0,4,292,8357
150,0,170260704,8,8,0.6182951000519097,0.8546915999613702,0.7234131002104794,1.8699660708776378e-09,1.8699660708776378e-09,True,1.1102230246251565e-16,0.0,4,242,11815
150,1,170260705,8,8,1.0451805000193417,1.4415109001565725,0.7250590334806469,1.6933535962326829e-09,1.6933535962326829e-09,True,2.220446049250313e-16,0.0,4,244,11936
150,2,170260706,8,8,1.040171599946916,0.8417800001334399,1.235681056549249,1.8501177118102063e-09,1.8501177118102063e-09,True,1.1102230246251565e-16,0.0,4,181,11589
150,3,170260707,8,8,0.7363477998878807,1.0845623000059277,0.6789354561594628,5.002698255651694e-10,5.002698255651694e-10,True,2.220446049250313e-16,0.0,4,231,14721
150,4,170260708,8,8,0.8025940998923033,0.9685453998390585,0.8286592451171303,1.2755834721822623e-09,1.2755834721822623e-09,True,0.0,0.0,4,265,17162
150,5,170260709,8,8,0.5808467001188546,0.8022206998430192,0.7240485071408856,1.4261024305906034e-10,1.4261024305906034e-10,True,2.220446049250313e-16,0.0,4,245,13791
150,6,170260710,8,8,0.5852150002028793,0.9531280999071896,0.6139940688558698,6.402512409131589e-10,6.402512409131589e-10,True,1.1102230246251565e-16,0.0,4,268,14655
150,7,170260711,8,8,0.7181144000496715,0.9120211999397725,0.7873878371435817,6.301346944237451e-10,6.301346944237451e-10,True,0.0,0.0,4,256,14820
150,8,170260712,8,8,0.5927220999728888,0.6072941001038998,0.9760050358985574,1.802500926295636e-10,1.802500926295636e-10,True,2.220446049250313e-16,0.0,4,197,10893
150,9,170260713,8,8,0.6198152999859303,0.9953137999400496,0.6227335540040372,2.4013840915770857e-10,2.4013840915770857e-10,True,0.0,0.0,4,286,15656
225,0,245260704,11,8,0.999961799941957,1.0823080001864582,0.9239161123910062,3.1793088162146432e-09,3.1793088162146432e-09,True,3.1086244689504383e-15,0.0,4,293,19499
225,1,245260705,11,8,1.0482053000014275,0.9416120999958366,1.1132028783466803,1.5786411761142816e-10,1.5786411761142816e-10,True,1.1102230246251565e-16,0.0,4,223,15740
225,2,245260706,11,8,0.9360564998351038,1.0157742002047598,0.9215202548424772,1.0190525090436608e-09,1.0190525090436608e-09,True,9.992007221626409e-16,0.0,4,267,16846
225,3,245260707,11,8,1.0868939999490976,0.9262262999545783,1.17346484331356,4.4433290380396784e-10,4.4433290380396784e-10,True,3.3306690738754696e-16,0.0,4,207,15571
225,4,245260708,11,8,0.9551935000345111,1.2333840001374483,0.7744494009392568,1.370530078315113e-09,1.370530078315113e-09,True,2.220446049250313e-16,0.0,4,276,22932
225,5,245260709,11,8,0.9703128999099135,1.3602116000838578,0.7133543779880228,1.0171916087209354e-09,1.0171916087209354e-09,True,0.0,0.0,4,231,23855
225,6,245260710,11,8,1.0386918999720365,1.762046999996528,0.5894802465394414,7.917203004303985e-10,7.917203004303985e-10,True,0.0,0.0,4,383,32453
225,7,245260711,11,8,1.1378144000191242,1.0069973999634385,1.1299079819475555,2.815646604759081e-10,2.815646604759081e-10,True,1.1102230246251565e-16,0.0,3,226,18408
225,8,245260712,11,8,0.9237135001458228,0.8541759001091123,1.08140899319195,2.3753984890184654e-10,2.3753984890184654e-10,True,1.1102230246251565e-16,0.0,4,195,16121
225,9,245260713,11,8,1.1325038999784738,0.9093641999643296,1.2453799039184708,1.3529655173982746e-09,1.3529655173982746e-09,True,2.220446049250313e-16,0.0,4,206,14938
350,0,370260704,18,8,1.9021676001138985,1.776497800135985,1.0707401945379802,2.566978296592026e-10,2.566978296592026e-10,True,0.0,0.0,3,235,28307
350,1,370260705,18,8,1.6885663999710232,1.9922311000991613,0.8475755648463557,9.107833376376107e-10,9.107833376376107e-10,True,1.1102230246251565e-16,0.0,3,264,39916
350,2,370260706,18,8,1.6039724999573082,1.60662389989011,0.9983497071511366,2.608371324486214e-09,2.608371324486214e-09,True,0.0,0.0,3,264,30608
350,3,370260707,18,8,1.7155190999619663,1.2587011998984963,1.3629279928392128,1.3114032082484073e-09,1.3114032082484073e-09,True,2.220446049250313e-16,0.0,4,233,22126
350,4,370260708,18,8,1.7531358001288027,1.3962381000164896,1.255613781136683,8.146636421013653e-10,8.146636421013653e-10,True,2.220446049250313e-16,0.0,3,203,26341
350,5,370260709,18,8,1.4990235001314431,1.894855200080201,0.7911018742054781,1.473753202807515e-10,1.473753202807515e-10,True,0.0,0.0,3,261,37377
350,6,370260710,18,8,1.6564506001304835,1.0192132000811398,1.6252248302892986,7.876920227189999e-10,7.876920227189999e-10,True,4.440892098500626e-15,0.0,4,188,17474
350,7,370260711,18,8,1.7614194999914616,1.481445699930191,1.1889868795558713,2.3995294640144493e-10,2.3995294640144493e-10,True,0.0,0.0,3,234,28696
350,8,370260712,18,8,1.6520972999278456,1.2350691999308765,1.3376556552623198,1.2266455629017514e-09,1.2266455629017514e-09,True,0.0,0.0,3,168,22751
350,9,370260713,18,8,1.6440667998977005,1.443655100185424,1.1388224235044335,3.665354131321408e-10,3.665354131321408e-10,True,1.1102230246251565e-16,0.0,3,196,26418
500,0,520260704,25,8,2.5987170001026243,1.7461464998777956,1.4882582877693802,7.630194531760282e-10,7.630194531760282e-10,True,0.0,0.0,3,229,30029
500,1,520260705,25,8,2.470404800027609,1.760923400055617,1.4029030450441986,8.806887441537015e-10,8.806887441537015e-10,True,1.1102230246251565e-16,0.0,3,188,33414
500,2,520260706,25,8,2.862587600015104,1.6436787999700755,1.7415735970234694,1.791909398640712e-10,1.791909398640712e-10,True,1.1102230246251565e-16,0.0,3,216,25995
500,3,520260707,25,8,2.734427100047469,2.4359589000232518,1.1225259588827088,2.33565949914194e-09,2.33565949914194e-09,True,8.881784197001252e-16,0.0,3,270,42599
500,4,520260708,25,8,2.6630345000885427,2.406167200068012,1.106753720195866,2.383052088994475e-10,2.383052088994475e-10,True,1.1102230246251565e-16,0.0,3,248,48955
500,5,520260709,25,8,2.588884999975562,2.431986500043422,1.064514543945593,6.904730676104975e-10,6.904730676104975e-10,True,2.220446049250313e-16,0.0,3,211,48551
500,6,520260710,25,8,2.774329900043085,2.3068030001595616,1.202673093389936,1.1373113700807735e-09,1.1373113700807735e-09,True,1.1102230246251565e-16,0.0,3,221,41410
500,7,520260711,25,8,2.6847995999269187,2.4420048999600112,1.099424329562518,1.3659483821815144e-09,1.3659483821815144e-09,True,0.0,0.0,3,241,45680
500,8,520260712,25,8,2.692623500013724,1.7808974999934435,1.511947487165116,2.3138634758224086e-10,2.3138634758224086e-10,True,2.220446049250313e-16,0.0,3,198,35433
500,9,520260713,25,8,2.4521581002045423,1.726659000152722,1.4201750895733611,2.2101745988933885e-09,2.2101745988933885e-09,True,0.0,0.0,3,178,33191
700,0,720260704,35,8,3.9579948999453336,2.991304999915883,1.3231666112471427,4.885550644595504e-10,4.885550644595504e-10,True,0.0,0.0,3,219,54982
700,1,720260705,35,8,4.0863450998440385,3.1068001999519765,1.3152906002475484,2.266907578318822e-09,2.266907578318822e-09,True,2.220446049250313e-16,0.0,3,252,53047
700,2,720260706,35,8,4.896603100001812,3.4906045000534505,1.4027951605307425,1.4036496964742184e-09,1.4036496964742184e-09,True,0.0,0.0,3,215,62962
700,3,720260707,35,8,4.258198000025004,3.980130200041458,1.0698639959016039,2.7861173090837354e-10,2.7861173090837354e-10,True,2.220446049250313e-16,0.0,3,249,70259
700,4,720260708,35,8,4.287623499985784,3.2692990000359714,1.311480993307314,5.630064747741415e-10,5.630064747741415e-10,True,1.1102230246251565e-16,0.0,3,246,56133
700,5,720260709,35,8,4.026658099843189,4.055616999976337,0.9928595574647909,1.4290840733011123e-10,1.4290840733011123e-10,True,0.0,0.0,3,269,74064
700,6,720260710,35,8,4.156604599906132,3.3014118999708444,1.2590384737944513,2.4297092116043473e-10,2.4297092116043473e-10,True,2.220446049250313e-16,0.0,3,216,51260
700,7,720260711,35,8,4.049244599882513,3.100992300081998,1.30578995625866,1.0063717637009972e-09,1.0063717637009972e-09,True,0.0,0.0,3,214,47307
700,8,720260712,35,8,4.4342360000591725,4.275382799794897,1.0371553163080265,9.264838618516791e-10,9.264838618516791e-10,True,1.1102230246251565e-16,0.0,3,229,66993
700,9,720260713,35,8,4.236404699971899,2.748733199900016,1.5412207703992502,6.278725317443445e-10,6.278725317443445e-10,True,1.7763568394002505e-15,0.0,4,187,36832
1000,0,1020260704,50,8,7.307860099943355,3.001508800080046,2.434728860281357,2.6281429255092803e-09,2.6281429255092803e-09,True,9.325873406851315e-15,0.0,3,186,42225
1000,1,1020260705,50,8,6.439888200024143,5.8301099999807775,1.104591199830771,1.7404487018257697e-09,1.7404487018257697e-09,True,0.0,0.0,3,297,105428
1000,2,1020260706,50,8,6.903347100131214,4.528074699919671,1.5245656393993856,6.678528563508479e-10,6.678528563508479e-10,True,0.0,0.0,3,218,78254
1000,3,1020260707,50,8,7.201530799968168,4.821010299958289,1.4937804219232793,1.8129838880165394e-09,1.8129838880165394e-09,True,0.0,0.0,3,199,84009
1000,4,1020260708,50,8,7.2623107000254095,5.028949199942872,1.444101026136416,4.615508530925183e-10,4.615508530925183e-10,True,1.1102230246251565e-16,0.0,3,238,83067
1000,5,1020260709,50,8,7.8359367998782545,4.198448299895972,1.8663887798909924,6.079020620219922e-10,6.079020620219922e-10,True,0.0,0.0,3,199,67151
1000,6,1020260710,50,8,7.438979099970311,5.497883600182831,1.3530623128730714,6.130118634928294e-10,6.130118634928294e-10,True,0.0,0.0,3,234,94655
1000,7,1020260711,50,8,7.323424099944532,4.840616999892518,1.5129112879839786,9.297584924183866e-10,9.297584924183866e-10,True,7.327471962526033e-15,0.0,3,213,71111
1000,8,1020260712,50,8,7.2733942999038845,6.118201199918985,1.1888125385612025,1.7738313456971966e-09,1.7738313456971966e-09,True,2.220446049250313e-16,0.0,3,270,100927
1000,9,1020260713,50,8,7.365820199949667,7.639118899824098,0.9642237928930882,1.1485344342254677e-09,1.1485344342254677e-09,True,1.1102230246251565e-16,0.0,3,260,103065
1500,0,1520260704,75,8,15.519133599940687,5.957503200042993,2.6049727677575887,3.9655851935549435e-09,3.9655851935549435e-09,True,1.0658141036401503e-14,0.0,3,192,79335
1500,1,1520260705,75,8,14.633706299820915,8.092591800028458,1.8082842507599919,5.751590939628848e-10,5.751590939628848e-10,True,0.0,0.0,3,235,121493
1500,2,1520260706,75,8,16.09226409997791,5.186803899938241,3.1025395234567323,5.256927115837584e-10,5.256927115837584e-10,True,1.1102230246251565e-16,0.0,3,186,74062
1500,3,1520260707,75,8,14.52556429989636,8.360745700076222,1.7373527219903284,8.115194766178391e-10,8.115194766178391e-10,True,0.0,0.0,3,231,134575
1500,4,1520260708,75,8,14.03198239998892,9.350351100089028,1.5006904286038323,7.579571137394936e-10,7.579571137394936e-10,True,0.0,0.0,3,203,122606
1500,5,1520260709,75,8,15.614646499976516,5.858483500080183,2.665305193701203,1.1054937520960095e-09,1.1054937520960095e-09,True,0.0,0.0,3,205,70550
1500,6,1520260710,75,8,15.64586539985612,8.412681199843064,1.8597953527762336,3.893440084223876e-10,3.893440084223876e-10,True,0.0,0.0,3,170,115530
1500,7,1520260711,75,8,15.684078800026327,8.54461620002985,1.8355509987647587,4.737725212144994e-10,4.737725212144994e-10,True,0.0,0.0,3,197,94858
1500,8,1520260712,75,8,15.997329900041223,7.66055199992843,2.0882737823841784,1.5172927636530886e-09,1.5172927636530886e-09,True,0.0,0.0,3,202,116734
1500,9,1520260713,75,8,16.508708300068974,8.921985100023448,1.8503402678878702,6.361575155544585e-10,6.361575155544585e-10,True,0.0,0.0,3,205,142567
2200,0,2220260704,110,8,35.99854849977419,14.323076599976048,2.513325139923806,3.8044700723105507e-10,3.8044700723105507e-10,True,0.0,0.0,3,230,172417
2200,1,2220260705,110,8,34.12553880014457,11.395485900109634,2.9946541199981875,1.9983215082675088e-10,1.9983215082675088e-10,True,1.9984014443252818e-14,0.0,3,218,114446
2200,2,2220260706,110,8,35.53395850001834,12.281966699985787,2.893181472317415,4.93078133878555e-10,4.93078133878555e-10,True,4.6629367034256575e-15,0.0,3,229,129287
2200,3,2220260707,110,8,34.14293379988521,15.574448600178584,2.1922402953959934,1.5799723751541705e-09,1.5799723751541705e-09,True,0.0,0.0,3,235,179390
2200,4,2220260708,110,8,31.91213299985975,14.824699299875647,2.1526327350280514,6.553018683241874e-10,6.553018683241874e-10,True,0.0,0.0,3,230,179601
2200,5,2220260709,110,8,41.969713900005445,7.679167099995539,5.465399222791991,1.4352760091540517e-09,1.4352760091540517e-09,True,1.9872992140790302e-14,0.0,3,162,67301
2200,6,2220260710,110,8,35.710953700123355,13.53469379991293,2.6384751829666873,9.700623637698413e-10,9.700623637698413e-10,True,2.220446049250313e-16,0.0,3,194,133814
2200,7,2220260711,110,8,34.458605400053784,11.8128647999838,2.9170405302616382,5.398584357330094e-10,5.398584357330094e-10,True,0.0,0.0,3,211,130545
2200,8,2220260712,110,8,32.514041299931705,15.967602699995041,2.036250645185567,2.1979437714314543e-10,2.1979437714314543e-10,True,0.0,0.0,3,237,210770
2200,9,2220260713,110,8,33.24300680006854,14.546289300080389,2.2853255640862873,8.031024179011581e-10,8.031024179011581e-10,True,0.0,0.0,3,237,177778
3200,0,3220260704,160,8,71.70647860015742,15.498499999986961,4.6266721682883984,3.5203540083017515e-09,3.5203540083017515e-09,True,1.0325074129013956e-14,0.0,3,170,169786
3200,1,3220260705,160,8,67.0298097000923,11.436454799957573,5.861065415161783,1.5675289954941718e-09,1.5675289954941718e-09,True,1.1324274851176597e-14,0.0,3,150,115413
3200,2,3220260706,160,8,61.621921099955216,14.067455099895597,4.380459767766563,1.3032563916937079e-09,1.3032563916937079e-09,True,9.547918011776346e-15,0.0,3,157,166204
3200,3,3220260707,160,8,65.09991370001808,16.515596400015056,3.941723454804135,4.1298242603460267e-10,4.1298242603460267e-10,True,4.551914400963142e-15,0.0,3,227,168697
3200,4,3220260708,160,8,60.794759900076315,20.67948119994253,2.9398590473461814,1.452310632865661e-10,1.452310632865661e-10,True,2.220446049250313e-16,0.0,3,236,253694
3200,5,3220260709,160,8,59.81917150015943,21.40572079992853,2.794541331229507,1.2363559620531817e-09,1.2363559620531817e-09,True,2.220446049250313e-16,0.0,3,226,298227
3200,6,3220260710,160,8,61.103750499896705,22.115932799875736,2.7628837116126537,2.328607348611733e-09,2.328607348611733e-09,True,0.0,0.0,3,235,298862
3200,7,3220260711,160,8,62.1300209001638,22.84191399998963,2.720000648815682,6.029386989681029e-10,6.029386989681029e-10,True,0.0,0.0,3,238,302053
3200,8,3220260712,160,8,62.58345129992813,20.72104600002058,3.0202843669120747,1.247118464053898e-09,1.247118464053898e-09,True,0.0,0.0,3,231,266234
3200,9,3220260713,160,8,62.731783400056884,22.132923299912363,2.8343198297852177,3.713062912691356e-10,3.713062912691356e-10,True,0.0,0.0,3,237,301788
4200,0,4220260704,210,8,203.52997860009782,41.58769219997339,4.89399550283841,1.539360583446836e-10,1.539360583446836e-10,True,0.0,0.0,3,230,391379
4200,1,4220260705,210,8,146.87595889996737,41.874272499931976,3.5075465227534632,7.415715541636558e-10,7.415715541636558e-10,True,0.0,0.0,3,231,328786
4200,2,4220260706,210,8,177.32780260010622,36.116046299925074,4.9099450456866345,1.4455324715001439e-09,1.4455324715001439e-09,True,0.0,0.0,3,231,368887
4200,3,4220260707,210,8,138.11034330003895,31.34334379993379,4.406369153897699,1.248768033423886e-10,1.248768033423886e-10,True,1.1102230246251565e-16,0.0,3,235,346914
4200,4,4220260708,210,8,260.8857649001293,32.295496199978516,8.078085045812141,6.082172265831076e-11,6.082172265831076e-11,True,0.0,0.0,3,235,339233
4200,5,4220260709,210,8,151.57921510003507,29.97598039987497,5.056689158385869,3.976002305172699e-10,3.976002305172699e-10,True,0.0,0.0,3,237,396119
4200,6,4220260710,210,8,150.7791898001451,27.6549825000111,5.452152782959981,1.1966761470638687e-09,1.1966761470638687e-09,True,2.220446049250313e-16,0.0,3,213,279189
4200,7,4220260711,210,8,136.83490639994852,33.3528904998675,4.102640111521732,3.807716308923403e-09,3.807716308923403e-09,True,1.0880185641326534e-14,0.0,3,159,172074
4200,8,4220260712,210,8,116.8309476999566,55.99384779995307,2.0864961471723418,1.2629143009146304e-09,1.2629143009146304e-09,True,0.0,0.0,3,234,326216
4200,9,4220260713,210,8,194.97754450002685,36.24196709995158,5.379883050009373,2.434962231845361e-10,2.434962231845361e-10,True,0.0,0.0,3,230,316293
5000,0,5020260704,250,8,245.43465349986218,59.20236360002309,4.145690113963059,3.278433080566856e-12,3.278433080566856e-12,True,0.0,0.0,3,236,433522
5000,1,5020260705,250,8,309.5922042999882,60.58496480016038,5.110050081256607,1.8072544155645076e-10,1.8072544155645076e-10,True,0.0,0.0,3,236,440125
5000,2,5020260706,250,8,227.25031740008853,45.99433990009129,4.940832239221624,6.791624762580994e-10,6.791624762580994e-10,True,1.1102230246251565e-16,0.0,3,237,435226
5000,3,5020260707,250,8,158.7695569000207,40.54059290001169,3.9163106788202624,3.1819785695219593e-10,3.1819785695219593e-10,True,0.0,0.0,3,236,472895
5000,4,5020260708,250,8,169.80245659989305,32.22413220000453,5.26941906599642,3.157903938344475e-10,3.157903938344475e-10,True,0.0,0.0,3,230,354246
5000,5,5020260709,250,8,153.6627374999225,30.66330870008096,5.011290171028308,5.696034199864641e-10,5.696034199864641e-10,True,2.220446049250313e-16,0.0,3,199,372835
5000,6,5020260710,250,8,287.52818939997815,104.40160290012136,2.754059146726414,4.105988327118837e-10,4.105988327118837e-10,True,1.1102230246251565e-16,0.0,3,237,473866
5000,7,5020260711,250,8,319.1638567999471,71.5082762001548,4.463313531801458,6.019324483297339e-10,6.019324483297339e-10,True,1.1102230246251565e-16,0.0,3,230,375865
5000,8,5020260712,250,8,331.2309007998556,34.84613429987803,9.505527871452156,5.411086023698886e-10,5.411086023698886e-10,True,1.1324274851176597e-14,0.0,3,148,219599
5000,9,5020260713,250,8,204.13724380009808,44.04052700009197,4.635213465989446,1.9982043797384108e-11,1.9982043797384108e-11,True,0.0,0.0,3,236,394861
